old_child_id,uuid,new_child_id,reason,action,
S-F0010-P0526,uuid:556792ff-f6e9-43bc-afd2-7bf9c3c5e325,S-F0019-P0526
S-F0010-P0525,uuid:ecf2d665-0918-4f44-93de-7746159d38c4,S-F0019-P0525
S-F0010-P0527,uuid:53d74431-326b-4550-8d58-3b2c7b26dacb,S-F0019-P0527
S-F0010-P0531,uuid:5ec2ca19-fc55-4d85-b42c-0f250e38f9d0,S-F0019-P0531
S-F0010-P0528,uuid:53ec4989-6791-43be-ae80-a25d7f3058dc,S-F0019-P0528
S-F0010-P0529,uuid:92975a28-1c69-4e19-87f4-b716c09f80e3,S-F0019-P0529
S-F0010-P0530,uuid:3478dce9-dd57-423c-93c8-0d86a4171ca0,S-F0019-P0530
S-F0010-P0535,uuid:53dd336f-6517-4cfe-b442-0e28b0dc9ff5,S-F0019-P0535
S-F0010-P0536,uuid:d57ff5c3-93a7-4f8e-bf60-08655e56ea0b,S-F0019-P0536
S-F0010-P0534,uuid:5bf2011f-6f68-4eb2-aa8e-b58ee993dd1c,S-F0019-P0534
S-F0010-P0532,uuid:d6f454bb-d4e0-44ea-869c-2690b75357fa,S-F0019-P0532
S-F0010-P0533,uuid:050833f2-3fa3-447b-8034-f51e7160cc20,S-F0019-P0533
S-F0009-P0048,uuid:9cf969ba-9448-40f7-8f40-e2af11a1cb5e,S-F0009-C0048
S-F0009-P0397,uuid:0719cf63-6289-4d43-90bd-651132ea2aba,S-F0009-C0397
S-F0009-P0448,uuid:005195f4-cd85-4d06-bb61-3a44a9171a42,S-F0009-C0448
S-F0009-P0677,uuid:a2d42d23-39b4-4897-9776-2e4f219346bd,S-F0009-C0677
S-F0009-P0932,uuid:63af099b-bd58-4d00-a323-570aef20e5b6,S-F0009-C0932
S-F0009-P0964,uuid:62095ecf-4739-45dc-a2e4-79d823f393a2,S-F0009-C0964
S-F0010-P0018,uuid:b51122c7-26c5-4f8d-8a3f-78f38fb308d1,S-F0010-C0018
S-F0010-P0027,uuid:9e70a866-7213-4c22-b68c-e45c77a2214b,S-F0010-C0027
S-F0010-P0064,uuid:55258c5a-cf55-4d35-9ad9-96dccf8b7ee6,S-F0010-C0064
S-F0010-P0179,uuid:489fd1c7-46ee-4b8b-9127-aeb47fc431e3,S-F0010-C0179
S-F0010-P0275,uuid:c678f9c8-f501-4ceb-884c-2c7b06dfd075,S-F0010-C0275
S-F0010-P0277,uuid:f9749bde-42b7-4317-94b2-64cdbbaf6ef5,S-F0010-C0277
S-F0010-P0337,uuid:84c267a5-b8c4-4eb6-a07f-3446dc4b823a,S-F0010-C0337
S-F0010-P0341,uuid:f4e8134d-6e5d-4bcf-8280-289c61e8af40,S-F0010-C0341
S-F0010-P0362,uuid:2c6131aa-c332-40a4-9ec2-4b05b8e0a40f,S-F0010-C0362
S-F0010-P0669,uuid:ee4c6a33-2d05-4a19-aaaf-4910aa4be3e3,S-F0010-C0669
S-F0010-P1187,uuid:23de4bcc-8fac-45a1-b065-ee6b8dca5e9a,S-F0010-C1187
S-F0015-P1060,uuid:2745a278-c0c3-41e7-8396-218799c4ef6b,S-F0015-C1060
S-F0015-P1152,uuid:cfc88cd5-ef5c-4dde-a7ce-939e4f8ae822,S-F0015-C1152
S-F0015-P1298,uuid:fbc64af1-f013-440b-809e-656d343d1bdb,S-F0015-C1298
S-F0015-P9713,uuid:1326bf1c-1f25-48ba-955d-1b47c18d5973,S-F0015-C9713
S-F0015-P9720,uuid:45838077-5e8b-4ff0-b9fd-8f41b56d6da7,S-F0015-C9720
S-F0015-P9727,uuid:5a77f40c-899c-4ae7-8abb-182d704dc8a7,S-F0015-C9727
S-F0015-P9799,uuid:6b63056a-3858-47ae-b88f-c0b52b361723,S-F0015-C9799
S-F0019-P0003,uuid:a9b89f79-6c0d-4c2d-8210-6f030b7d705b,S-F0019-C0003
S-F0019-P0037,uuid:3dfcfadd-a644-4fff-97ae-27fb61ef794d,S-F0019-C0037
S-F0019-P0231,uuid:afc3f450-2dbf-4edb-9b28-e2ea6b4dbc1d,S-F0019-C0231
S-F0019-P0301,uuid:bd1a330b-b96c-4b4f-a7dd-a2c6844ac552,S-F0019-C0301
S-F0019-P0302,uuid:cd48cadf-2e7a-4dac-a299-8af50fb7532d,S-F0019-C0302
S-F0019-P0303,uuid:4ed65729-8cc6-404f-b98a-abeba64c28d2,S-F0019-C0303
S-F0019-P0304,uuid:256f3183-d374-4f22-9216-7824060c9dfc,S-F0019-C0304
S-F0019-P0305,uuid:7784c943-dcf6-48d8-8c3b-d528e58a99d0,S-F0019-C0305
S-F0019-P0306,uuid:a5c287ac-36c0-496a-a917-52f38aa4d0e3,S-F0019-C0306
S-F0019-P0307,uuid:73487f4a-8c5a-407f-8992-18182c2484a3,S-F0019-C0307
S-F0019-P0308,uuid:5c219eff-88f8-4723-b1ae-3ad5635f1ea1,S-F0019-C0308
S-F0019-P0309,uuid:c3696c2c-8e14-48b5-a3d1-23dab1114823,S-F0019-C0309
S-F0019-P0310,uuid:1f8cb869-eddb-4e56-ba7c-cbc94de930e7,S-F0019-C0310
S-F0019-P0311,uuid:f755d1cb-8e5f-400d-9a31-80680fa95ce8,S-F0019-C0311
S-F0019-P0312,uuid:4f3cbdd9-d6b5-447e-9f0d-51d101768338,S-F0019-C0312
S-F0019-P0319,uuid:9b860e99-9e5a-4efa-8d48-a37cc01f335a,S-F0019-C0319
S-F0019-P0327,uuid:825add82-e5ab-4211-98d8-249c5176377a,S-F0019-C0327
S-F0019-P0797,uuid:273a3bda-87f8-4409-a849-b780d8975e17,S-F0019-C0797
S-F0019-P0949,uuid:256afad6-288c-44b6-8cfc-a9c5655e7d47,S-F0019-C0949
S-F0019-P0960,uuid:5ece0f26-47bf-4351-84ec-02ce4c85ea69,S-F0019-C0960
S-F0021-P1216,uuid:444df6a5-417f-43b7-aff1-cd1a15ba8f55,S-F0021-C1216
S-F0021-P1426,uuid:085ef461-be03-4966-a9c5-0acc9c415c16,S-F0021-C1426
S-F0021-P1454,uuid:3cf618ab-b45d-4e60-8cc0-7fbbbd31fae0,S-F0021-C1454
S-F0021-P1551,uuid:694791f8-fd2b-43ab-8636-1094ff144595,S-F0021-C1551
S-F0021-P1552,uuid:2c957ace-5d0f-4dba-b9aa-b890518759cd,S-F0021-C1552
S-F0021-P1553,uuid:3c67e59d-4187-4e86-88c1-e0480bf371f0,S-F0021-C1553
S-F0021-P1554,uuid:683a1405-3933-4ba9-bd74-10248f75a290,S-F0021-C1554
S-F0021-P1555,uuid:3af08dfe-f23a-438c-aa19-b97b390d418a,S-F0021-C1555
S-F0021-P1556,uuid:25bb7982-9fc4-4bfe-8bdc-26f4231b28cf,S-F0021-C1556
S-F0021-P1557,uuid:30e0b813-a7b9-4ad8-abba-64572a394852,S-F0021-C1557
S-F0021-P1558,uuid:69abbc41-2123-4baa-b7e7-0e7d48006954,S-F0021-C1558
S-F0021-P1559,uuid:89e0876d-1782-4b5f-9ca0-d884f2e05584,S-F0021-C1559
S-F0021-P1560,uuid:3faecf9b-c604-4574-88a2-7b1a3bb2f5e8,S-F0021-C1560
S-F0021-P1561,uuid:1807876a-1c5b-4048-8f6f-5d0a4a048df7,S-F0021-C1561
S-F0021-P1562,uuid:1ed9cb39-6967-43a8-9ff4-fcded01a40d5,S-F0021-C1562
S-F0021-P1563,uuid:5dd66a3f-0540-413e-ad42-2be23369a436,S-F0021-C1563
S-F0021-P1564,uuid:352c1760-cabe-4f93-85cf-dd369e0774b4,S-F0021-C1564
S-F0021-P1565,uuid:12b551bc-02a8-49bc-a897-d53c2a60b4b6,S-F0021-C1565
S-F0021-P1566,uuid:0314c4bb-b84a-4ea2-94ed-23308f7e9641,S-F0021-C1566
S-F0021-P1567,uuid:b56b1e8f-1d75-4a54-9929-8942605e1608,S-F0021-C1567
S-F0021-P1568,uuid:6c8658d5-c04a-41e0-b398-2b2828146073,S-F0021-C1568
S-F0021-P1569,uuid:07e32eed-4775-4484-bc9f-8ecd8a3fd17c,S-F0021-C1569
S-F0021-P1570,uuid:b73c1674-bccc-40fc-8a0b-de6ad0869a3c,S-F0021-C1570
S-F0021-P1571,uuid:6b2c95b0-20b3-4325-a3d0-bcb737ef44a9,S-F0021-C1571
S-F0021-P1572,uuid:bafc06bc-d8fb-4ab7-9b13-dbcf26b76496,S-F0021-C1572
S-F0021-P1573,uuid:dbf1fd83-f93f-4bee-bfac-a1bf451a80b3,S-F0021-C1573
S-F0021-P1574,uuid:293d737a-114c-402e-8996-0273785985f6,S-F0021-C1574
S-F0021-P1575,uuid:4c947cc5-99fc-4f3b-b944-61ccaba2da5a,S-F0021-C1575
S-F0021-P1576,uuid:1f912919-4566-47f4-8f5f-03d8dc799586,S-F0021-C1576
S-F0021-P1577,uuid:b2f01667-4c15-47ac-a6f8-b34e84483f66,S-F0021-C1577
S-F0021-P1578,uuid:e727dd68-6535-4096-82a7-6ba39e664d73,S-F0021-C1578
S-F0021-P1579,uuid:99028a96-4cf4-42ae-8613-dc03f7d3b287,S-F0021-C1579
S-F0021-P1579,uuid:33e813d0-3c85-4cbd-8ea6-4f12f4fd296b,S-F0021-D1579
S-F0021-P1580,uuid:b6193e56-5b44-45fd-9609-338ce5aa8f4f,S-F0021-C1580
S-F0021-P1581,uuid:61bc0b12-b27f-4d5f-92a6-d332d8827510,S-F0021-C1581
S-F0021-P1582,uuid:1158d091-a38c-43a5-8549-edee7d02f1c6,S-F0021-C1582
S-F0021-P1583,uuid:0fcae6ea-a1b7-4d51-b543-6adf091daef7,S-F0021-C1583
S-F0021-P1584,uuid:38673790-7152-4521-af17-0b9415f3b251,S-F0021-C1584
S-F0021-P1585,uuid:270844be-3caa-4a25-a430-f45b6a548825,S-F0021-C1585
S-F0021-P1586,uuid:27c83bf0-80b0-44b7-9974-5be48c516f14,S-F0021-C1586
S-F0021-P1587,uuid:32d5e7f5-f955-43f6-b29e-32f0d5d7df2f,S-F0021-C1587
S-F0021-P1588,uuid:2965cd4d-6616-4c47-bf6a-bd220f49a374,S-F0021-C1588
S-F0021-P1589,uuid:b8b654cf-5dfa-49df-970e-e730e7d21247,S-F0021-C1589
S-F0021-P1590,uuid:cb52ed88-81b7-42f1-b3d4-c09031cc15c5,S-F0021-C1590
S-F0021-P1592,uuid:08e735b9-67cd-49c1-bc03-b0fbe2329550,S-F0021-C1592
S-F0021-P1593,uuid:35aa24e3-6118-4bc0-a96d-f726a932d6ee,S-F0021-C1593
S-F0021-P1594,uuid:ffa9ffef-4e93-4f35-aaaa-e19a9c8c4451,S-F0021-C1594
S-F0021-P1595,uuid:8e7e92ad-76a1-483b-bdb2-0b9c631a3f1b,S-F0021-C1595
S-F0021-P1596,uuid:0f2bbe21-2a87-4a35-b7e6-4c8b15dc2fb2,S-F0021-C1596
S-F0021-P1597,uuid:1b399ecf-7a3c-417a-ae69-2705abc73594,S-F0021-C1597
S-F0021-P1598,uuid:c44f26e4-9c3d-4c58-a6ae-5ed9eceeadd3,S-F0021-C1598
S-F0021-P1599,uuid:6d347afa-f604-4d62-913d-ab9fab5669b4,S-F0021-C1599
S-F0021-P1600,uuid:7fc35214-f975-443b-b70e-50272c460dfc,S-F0021-C1600
S-F0021-P1601,uuid:bd5c6c16-de8a-4cad-885d-f034adfd7170,S-F0021-C1601
S-F0021-P1602,uuid:7326f366-4783-4339-b285-0c2c672bf2e4,S-F0021-C1602
S-F0021-P1603,uuid:14d945f0-de56-4073-b4fd-ee09a3140864,S-F0021-C1603
S-F0021-P1604,uuid:001e9aa1-acf0-4844-b7ef-9632563afbbc,S-F0021-C1604
S-F0021-P1605,uuid:a6a24bf0-bf6d-41bb-993b-15b34195a997,S-F0021-C1605
S-F0021-P1606,uuid:8d326977-ef66-4441-acb9-26600d33b31c,S-F0021-C1606
S-F0021-P1607,uuid:e56b8888-6932-467c-90fc-f00c2f3c94f2,S-F0021-C1607
S-F0021-P1608,uuid:6b56f6bd-0b24-407c-879f-0d67e712dfb3,S-F0021-C1608
S-F0021-P1609,uuid:44b10d41-0b4c-4635-b442-9e1d5c63ad77,S-F0021-C1609
S-F0021-P1610,uuid:d9919501-ffd0-43d2-be54-64cf8f7d6e47,S-F0021-C1610
S-F0021-P1611,uuid:4b96a253-ae83-4813-bb67-368f5e9e3828,S-F0021-C1611
S-F0021-P1612,uuid:80fad2fe-dc76-4a22-aa21-cb069baf765a,S-F0021-C1612
S-F0021-P1613,uuid:ebe148cc-5b98-4e24-953e-a81c8816207c,S-F0021-C1613
S-F0021-P1614,uuid:84b176d9-e403-496c-8944-6c6f69ad174b,S-F0021-C1614
S-F0021-P1615,uuid:06f73137-4bc1-45a3-9e76-519f74b79997,S-F0021-C1615
S-F0021-P1616,uuid:23826e72-6a45-4569-9809-b71ac1a9af5d,S-F0021-C1616
S-F0021-P1617,uuid:592c2298-a283-4442-bc1a-001363929447,S-F0021-C1617
S-F0021-P1618,uuid:82e04238-88e1-46ec-a117-8eadec7e8b3c,S-F0021-C1618
S-F0021-P1619,uuid:c7a87d97-02d0-49f0-998b-2786de47eb39,S-F0021-C1619
S-F0021-P1668,uuid:ac0ab8af-5228-4461-8c5c-eec833f153cc,S-F0021-C1668
S-F0021-P9712,uuid:81ddb5b0-7613-429d-bdb9-0349707de94a,S-F0021-C9712
S-F0021-P9713,uuid:3492fe8c-987d-4903-8182-cf0cbd794716,S-F0021-C9713
S-F0021-P9724,uuid:16c69627-b7dd-4c17-94dc-5de370e6c8d3,S-F0021-C9724
S-F0021-P9725,uuid:3dd1c050-f9a8-4bc1-bafa-b197a479e2bf,S-F0021-C9725
S-F0021-P9726,uuid:10c0bdaf-0c11-4a06-bf50-8d9ec1bb0726,S-F0021-C9726
S-F0021-P9727,uuid:c04c0efb-1bc4-41cb-b8de-8c1dfa4d4fcf,S-F0021-C9727
S-F0021-P9728,uuid:987de849-52ea-4c34-b5a2-10430789f08e,S-F0021-C9728
S-F0021-P9729,uuid:5fedb625-f346-466e-9e19-e9161b852899,S-F0021-C9729
S-F0021-P9730,uuid:0c5a35db-eab5-45f6-8076-fa2bea352865,S-F0021-C9730
S-F0021-P9731,uuid:8a1b63b7-2e84-4b64-8a07-4f04e7074c22,S-F0021-C9731
S-F0021-P9732,uuid:5d536327-5a79-4b2c-8720-a1666271712d,S-F0021-C9732
S-F0021-P9733,uuid:4205383e-60e9-4fe7-9836-5a6b62bfa84b,S-F0021-C9733
S-F0021-P9734,uuid:f159016a-00ad-412f-ade1-d65bfbc04ed2,S-F0021-C9734
S-F0021-P9735,uuid:13017923-57dc-41a3-b2ac-05945634bf0c,S-F0021-C9735
S-F0021-P9736,uuid:c111c457-9a0f-4587-b7ca-2a451d9ea945,S-F0021-C9736
S-F0021-P9737,uuid:81267f80-452e-4039-886c-491216a17a51,S-F0021-C9737
S-F0021-P9738,uuid:41671037-ce8e-45fc-b618-6d4b663e0327,S-F0021-C9738
S-F0021-P9803,uuid:893be1e0-4ec8-4467-8b34-6e1dbeb76d8a,S-F0021-C9803
S-F0021-P9803,uuid:8c72f245-fe75-472e-8b98-0582d9f933a8,S-F0021-D9803
S-F0021-P9810,uuid:24d3fb36-e6e8-4d00-b32e-a0111853eefd,S-F0021-C9810
S-F0021-P9855,uuid:5678ff77-5020-4ed1-9b71-75b36ed667eb,S-F0021-C9855
S-F0022-P0103,uuid:20f7b009-aa80-4140-a23d-4947cfb74f64,S-F0022-C0103
S-F0022-P0324,uuid:11e06e9a-ffe3-48ea-99eb-a2c34b022a9b,S-F0022-C0324
S-F0022-P0376,uuid:42b3b167-5ccd-4c5a-ab18-48a7f020a08d,S-F0022-C0376
S-F0022-P0391,uuid:934be122-ae71-453a-bb04-0fb6d2787c2f,S-F0022-C0391
S-F0023-P0001,uuid:805c55cd-e270-4c58-a572-ed1f800c13d4,S-F0023-C0001
S-F0023-P0027,uuid:3d56f02c-45ef-459d-9b59-d559a0135cc5,S-F0023-C0027
S-F0023-P0048,uuid:73c15483-ac88-4b22-bc38-ca665f9c032f,S-F0023-C0048
S-F0023-P0088,uuid:5b8c8637-0add-430d-963d-0526f917746e,S-F0023-C0088
S-F0023-P0101,uuid:337181b0-8a0d-4f55-86f7-43cc53a9a893,S-F0023-C0101
S-F0023-P0189,uuid:3bbb20e1-c133-44da-a9ef-1ccf5517eda3,S-F0023-C0189
S-F0023-P0192,uuid:d6d3e0b5-82bf-4831-8499-b3d0b14e9ba7,S-F0023-C0192
S-F0023-P0228,uuid:4f9626a5-7b54-41d2-9b7e-d2fbf9dd176d,S-F0023-C0228
S-F0023-P0339,uuid:40da7b0f-175a-4ccb-90e5-54977dc90551,S-F0023-C0339
S-F0023-P0434,uuid:2131dfad-ac1c-4bb1-9586-255302aa3c09,S-F0023-C0434
S-F0023-P0504,uuid:31a21abf-d81e-4346-a48c-1de90d164ebe,S-F0023-C0504
S-F0023-P0622,uuid:39dda32b-4ce0-4303-9e3e-8204d675bb69,S-F0023-C0622
S-F0023-P0682,uuid:127d238f-7399-4fcb-9aba-c2e287dfeb46,S-F0023-C0682
S-F0023-P0691,uuid:1be38467-ed09-4f10-b7a1-e28e37e98160,S-F0023-C0691
S-F0023-P0706,uuid:4d4884ff-3319-4477-9a17-487d5cb24642,S-F0023-C0706
S-F0023-P0842,uuid:36a8ceee-b269-46f1-998c-ee9bf79625c6,S-F0023-C0842
S-F0023-P0899,uuid:61b73db0-36e6-4484-92e9-497826a0deb8,S-F0023-C0899
S-F0027-P0212,uuid:5b3d411c-0184-46c5-94eb-9592fb46ab09,S-F0027-C0212
S-F0027-P0572,uuid:6f24aae8-b86a-4dea-b69b-9a9b014e62ee,S-F0027-C0572
S-F0030-P0073,uuid:01b4cfde-eccb-43df-a3f5-241adca52661,S-F0030-C0073
S-F0030-P0447,uuid:51f616ac-fae5-4a66-b88e-d0c8610870e0,S-F0030-C0447
S-F0030-P0463,uuid:d1c9da9a-2fd5-4ac0-89ed-b83b49c209fb,S-F0030-C0463
S-F0030-P0472,uuid:7d7e2c81-8df2-401f-b081-e5051c77daa7,S-F0030-C0472
S-F0030-P0580,uuid:35abaa4e-237d-4914-906d-3fcbe397bc98,S-F0030-C0580
S-F0030-P0596,uuid:6602ec41-b0fe-46eb-90c3-43cca54c523f,S-F0030-C0596
S-F0030-P0619,uuid:221d388c-68c2-4ac2-93f5-1ef906a5a011,S-F0030-C0619
S-F0030-P1034,uuid:a9859e78-52af-4975-9f48-3decd19bdd0e,S-F0030-C1034
S-F0030-P1045,uuid:469c4d79-e254-4807-917a-2e3bbbb5623d,S-F0030-C1045
S-F0030-P1077,uuid:586d6734-2e9c-4210-9fc8-e6ae911376b9,S-F0030-C1077
S-F0030-P1100,uuid:2c3ff677-dc1f-4cd1-a05b-d58187b352d8,S-F0030-C1100
S-F0030-P1229,uuid:4a926603-782d-4db4-8f7b-9eaa707f1eae,S-F0030-C1229
S-F0030-P1238,uuid:5ea6fc40-0284-4dde-8198-9e7a6c8d8299,S-F0030-C1238
S-F0030-P1294,uuid:0e4cce92-d49b-4a22-b11b-6f1f52df49a9,S-F0030-C1294
S-F0030-P1367,uuid:6211a9e7-1f3e-4d8c-857c-d82b68e79819,S-F0030-C1367
S-F0030-P1397,uuid:042e4069-638b-4d41-bf52-d1bb07055ad6,S-F0030-C1397
S-F0030-P1431,uuid:46040901-d506-4780-927c-bb067abbdddb,S-F0030-C1431
S-F0030-P1447,uuid:12938dd4-aa80-455b-bd3d-4101dd288cf5,S-F0030-C1447
S-F0030-P1475,uuid:274443e9-800f-42d3-82cc-1d0abe738d4a,S-F0030-C1475
S-F0034-P0198,uuid:b5e42735-9da6-43b2-9e96-87bc105a0990,S-F0034-C0198
S-F0034-P0416,uuid:0c985217-7b0e-4b63-b390-71cc02ad76f7,S-F0034-C0416
S-F0034-P0547,uuid:0122e0a9-8339-46a2-914d-ca69239611df,S-F0034-C0547
S-F0034-P1248,uuid:9013ccf3-4460-4b4f-abb0-8310e247194d,S-F0034-C1248
S-F0034-P1453,uuid:0de22c2b-708f-46cf-924b-dd02736ece4e,S-F0034-C1453
S-F0037-P0352,uuid:0ba3591d-e425-4439-b73c-93cd21a9b9b4,S-F0037-C0352
S-F0037-P0422,uuid:d76e542a-ea4f-47a6-8dc2-eed93d90636f,S-F0037-C0422
S-F0037-P0551,uuid:62fe2e14-b040-4367-90d9-7817212b9d4e,S-F0037-C0551
S-F0037-P0641,uuid:c0491767-9799-4067-a645-3fc2a517dc78,S-F0037-C0641
S-F0037-P0676,uuid:00bea9eb-1dcb-4a19-ba52-72c19c175e4e,S-F0037-C0676
S-F0039-P0116,uuid:bde09759-f4ff-412e-9f25-e67a21bed3f4,S-F0039-C0116
S-F0039-P0250,uuid:3efcb11b-1de7-4582-af96-dc4cba72db1e,S-F0039-C0250
S-F0039-P0466,uuid:b66c68ec-b7c1-45c1-a547-fb16d50d2c7c,S-F0039-C0466
S-F0039-P0500,uuid:945c1d57-1bab-41ec-9697-d7ec2accda57,S-F0039-C0500
S-F0039-P0583,uuid:0d50a414-7971-4cb5-aaac-00c387c75455,S-F0039-C0583
S-F0039-P0591,uuid:0aaee95c-b250-49e2-8b82-0d996b7e2c18,S-F0039-C0591
S-F0039-P0611,uuid:5cd37192-e08d-4d2e-a0d1-5997bde48436,S-F0039-C0611
S-F0039-P0616,uuid:02cea664-4611-4674-8a41-4489bd1b04ed,S-F0039-C0616
S-F0039-P0669,uuid:0f132af6-9c1c-41cb-91dd-5cb870a0ca83,S-F0039-C0669
S-F0039-P0697,uuid:4c550e40-9e13-45bd-990f-6450d2eee202,S-F0039-C0697
S-F0039-P0714,uuid:8b12f71a-8dde-4415-b6d9-8cd0888be806,S-F0039-C0714
S-F0039-P0748,uuid:0e441e04-8979-4337-899e-3b26783d5675,S-F0039-C0748
S-F0039-P0809,uuid:6eca3bc8-51ac-4b5a-b313-8adbff248c23,S-F0039-C0809
S-F0039-P0817,uuid:3ba53129-9e97-42df-b558-22ee8c11eefd,S-F0039-C0817
S-F0039-P0890,uuid:47702ee1-f8c2-4568-aaef-a66be25cb137,S-F0039-C0890
S-F0039-P0983,uuid:4d92c232-50c7-4b67-98e7-069725298cc2,S-F0039-C0983
S-F0039-P1039,uuid:98821677-38e5-442f-8390-c8507fd008ac,S-F0039-C1039
S-F0040-P0221,uuid:bc05e4ff-36b5-4c41-9571-731bb9b9f5ee,S-F0040-C0221
S-F0040-P0224,uuid:15b72008-0a10-4780-9d66-a696ddfec601,S-F0040-C0224
S-F0040-P0554,uuid:17a3e3ad-7860-4bbf-9004-fe7d5f93bb16,S-F0040-C0554
S-F0045-P0003,uuid:7eeea0d7-68e6-4af4-aa6f-2121ad7f58ff,S-F0045-C0003
S-F0045-P0055,uuid:b3990b76-97ba-4662-b88d-6279da719e49,S-F0045-C0055
S-F0045-P0057,uuid:158f6dd9-74ef-4e64-bf7d-0fd53cb3fa60,S-F0045-C0057
S-F0045-P0166,uuid:4d76bb14-2b86-4f68-9715-eb7e38735f80,S-F0045-C0166
S-F0045-P0560,uuid:13f4b185-9915-41ec-ad41-63fb0a500bb3,S-F0045-C0560
S-F0045-P0594,uuid:267a1512-59d0-4225-829d-32cddda2b666,S-F0045-C0594
S-F0045-P1229,uuid:26afd827-2b47-4631-8172-d1953601a341,S-F0045-C1229
S-F0053-P0037,uuid:1e11c6b0-423d-4f5f-9d4f-66aba46c7294,S-F0053-C0037
S-F0057-P0104,uuid:29c13e23-5399-4f75-9cd6-cc4ca91f2398,S-F0057-C0104
S-F0057-P0172,uuid:8d967b68-d7e1-41c2-ac58-2e869b52effe,S-F0057-C0172
S-F0057-P0562,uuid:2e52d7a3-5f34-40e6-9e62-b58722517f81,S-F0057-C0562
S-F0057-P0646,uuid:b53fd3fb-afea-4555-bcda-2e95161ebb82,S-F0057-C0646
S-F0058-P0289,uuid:4ae5a177-73b8-402d-b5b5-0d46443562f7,S-F0058-C0289
S-F0058-P0334,uuid:4fa51032-15b7-4e00-b8cd-7bb760b14c7e,S-F0058-C0334
S-F0058-P0357,uuid:83dc86e2-bd76-4f57-96c7-863c27b5be24,S-F0058-C0357
S-F0058-P0385,uuid:1ed036de-880a-4797-a499-2fa796a17870,S-F0058-C0385
S-F0058-P0386,uuid:6ea3cfdd-e26e-4644-be83-30731c763530,S-F0058-C0386
S-F0058-P0387,uuid:0d3a78cb-a545-4d47-8838-b2b0a18a4319,S-F0058-C0387
S-F0058-P0388,uuid:5b2f0c83-2d1e-448e-8d6e-9274b3e0c7e3,S-F0058-C0388
S-F0058-P0389,uuid:de764f33-89aa-4196-9068-c5db89606697,S-F0058-C0389
S-F0058-P0390,uuid:748eabf7-3c24-4f1b-a08f-58fa62c2c496,S-F0058-C0390
S-F0058-P0391,uuid:183ebf00-cb36-4365-93c0-56c070d1c819,S-F0058-C0391
S-F0058-P0392,uuid:fac5148c-d021-4fd0-a840-ae1bff7a3564,S-F0058-C0392
S-F0058-P0393,uuid:add9e2d9-9b07-4799-9be2-d04648378cb2,S-F0058-C0393
S-F0058-P0394,uuid:c53a48c1-f309-42cd-920c-176aa97a844e,S-F0058-C0394
S-F0058-P0395,uuid:a3351f2e-e9e8-465e-b1f8-c00ab50cfd16,S-F0058-C0395
S-F0058-P0396,uuid:d90549b6-ab2e-4b20-8480-8092c8f5cac3,S-F0058-C0396
S-F0058-P0733,uuid:9d413e68-59b7-42e6-b1d3-316afb8c3622,S-F0058-C0733
S-F0058-P0782,uuid:34abdb3e-0c31-4fb6-91a7-c5bc36735a59,S-F0058-C0782
S-F0058-P0847,uuid:3491ae64-663d-4285-9cd9-bef46a496d69,S-F0058-C0847
S-F0058-P1003,uuid:c117a506-fa21-4eef-9851-ea1865c0230e,S-F0058-C1003
S-F0058-P1085,uuid:22b6053f-d0bf-41c0-82d6-64e52a4675b1,S-F0058-C1085
S-F0058-P1138,uuid:be30585b-8121-4c63-af84-52be3d79adcd,S-F0058-C1138
S-F0058-P1401,uuid:7ad05161-45e8-4fb9-96db-cbdb8b4d90ac,S-F0058-C1401
S-F0058-P1632,uuid:65ab405e-ee6a-4b48-9a82-659004422b7b,S-F0058-C1632
S-F0058-P1690,uuid:c6200c3d-17b3-484f-b817-8bbc9231e855,S-F0058-C1690
S-F0058-P1791,uuid:090be7c5-8f6c-49a1-8616-11bfdec0fa18,S-F0058-C1791
S-F0058-P1792,uuid:6202df8b-4264-4cfb-b15c-42aa344e3070,S-F0058-C1792
S-F0058-P1793,uuid:32c719ae-bdb4-4dd6-9692-241e0449028f,S-F0058-C1793
S-F0058-P1794,uuid:255a5021-6291-470f-80c5-ae47e66e5dfb,S-F0058-C1794
S-F0058-P1795,uuid:a70ae233-9db4-4f84-902b-dbf820dd8a73,S-F0058-C1795
S-F0058-P1796,uuid:27a0ce76-b75b-4867-84ac-900a6bd4c358,S-F0058-C1796
S-F0058-P1797,uuid:48c392a5-4dc8-4390-b1a3-fce6458f08e1,S-F0058-C1797
S-F0058-P1798,uuid:b69e4c90-0c0a-4313-a4bb-8c285d4f6ebe,S-F0058-C1798
S-F0058-P1799,uuid:0078ff1a-9846-48d5-8c33-2d02dc6ece57,S-F0058-C1799
S-F0058-P1800,uuid:358d91db-4d21-4ab2-8530-5456d99a15d9,S-F0058-C1800
S-F0058-P1853,uuid:96b9c9a3-a465-4423-accb-654dc8cd6de0,S-F0058-C1853
S-F0058-P1997,uuid:0f344f4b-7150-4835-abf3-df0a5e4f9fbb,S-F0058-C1997
S-F0059-P0061,uuid:2795507a-25d8-4304-a312-bf4b168cb157,S-F0059-C0061
S-F0059-P0062,uuid:3bbd487f-94b2-4907-9e05-9ad7a2aa657a,S-F0059-C0062
S-F0059-P0063,uuid:926b0274-b1e6-4dee-bfb4-d2d6fbb4d2a0,S-F0059-C0063
S-F0059-P0064,uuid:fa145be8-cb28-4964-819f-694569b98e21,S-F0059-C0064
S-F0059-P0065,uuid:cc30185f-146b-4a3b-b47b-e35baf0ed787,S-F0059-C0065
S-F0059-P0066,uuid:ce3de44e-eaeb-47d2-948d-ceb18c67645e,S-F0059-C0066
S-F0059-P0067,uuid:a45f68d6-d431-41de-ab83-33d86cabbfb2,S-F0059-C0067
S-F0059-P0068,uuid:42dccd87-d392-4c10-8718-1dc344b09df7,S-F0059-C0068
S-F0059-P0069,uuid:4f14e1d8-4d4c-4b3e-b0cd-7a8ec704fc72,S-F0059-C0069
S-F0059-P0070,uuid:d7058d25-614e-46e2-a0c9-a2af70928c16,S-F0059-C0070
S-F0059-P0071,uuid:9985fa0b-73ec-4d4d-a43c-5fc3246fcff0,S-F0059-C0071
S-F0059-P0072,uuid:eadaafb1-5a8a-4966-bfc1-ed9e4a3125b4,S-F0059-C0072
S-F0060-P0005,uuid:dd8c9b13-0352-4849-830d-deabcf0347e0,S-F0060-C0005
S-F0060-P0134,uuid:1d16e38f-de01-49d1-92b9-1d246e5f6940,S-F0060-C0134
S-F0060-P0268,uuid:130ca0a0-a2a3-489a-99b5-789f6c86e57d,S-F0060-C0268
S-F0060-P0521,uuid:1211fa0a-31a4-47ea-a7c9-0881a02f93ab,S-F0060-C0521
S-F0060-P0651,uuid:6cac5dc1-6674-41e1-ae63-ca3e94b3a15c,S-F0060-C0651
S-F0060-P0781,uuid:3d348520-dae6-4f55-93df-c195241731a3,S-F0060-C0781
S-F0060-P0875,uuid:61aa0c62-8d26-4f7a-a566-40c1641473c1,S-F0060-C0875
S-F0060-P0887,uuid:3288c0d8-d515-44c0-bb3a-01ad9d7c3a63,S-F0060-C0887
S-F0060-P0961,uuid:f068d462-2844-4219-95e7-b015e8907a23,S-F0060-C0961
S-F0060-P1063,uuid:090d7868-daae-42d8-8198-ae5d8ce4b1c5,S-F0060-C1063
S-F0060-P1095,uuid:25d48dbf-0aad-417a-8e88-36c2e92b85b5,S-F0060-C1095
S-F0060-P1099,uuid:8930a498-2227-44c4-91fc-d9e09bc829ea,S-F0060-C1099
S-F0060-P1104,uuid:7d531e76-1b8b-45c7-afb8-91525407b596,S-F0060-C1104
S-F0060-P1213,uuid:b4df7d60-bf1a-499c-84f2-00d2740ecca8,S-F0060-C1213
S-F0060-P1248,uuid:088eb2de-9e85-457a-99ec-2c4f1a20a515,S-F0060-C1248
S-F0058-P0071,uuid:22b9648c-2f9a-439e-bc67-d7cc59b333e9,S-F0058-C0071
