old_fid,uuid,new_fid
F0207,uuid:21029588-144d-416a-9d99-aeff6fa82046,F0225
F0214,uuid:57f3ca70-7372-4b4f-8538-973ba5288e93,F0192
F0204,uuid:95cd507a-13ed-49e2-8c36-10b33ef21de8,F0207
F0204,uuid:68a8277e-0794-4911-83b2-aca575d0459e,F0207
F0204,uuid:975afb84-bbad-4061-9be5-1417f7dcef6f,F0207
F0204,uuid:77a7acf6-cd65-41f2-8f1a-d953c65e0be8,F0207
F0204,uuid:bdbb8d5c-5914-441b-8f29-d1bc3f9c3b8d,F0207
F0204,uuid:3d846c33-f8aa-4029-8a0d-492300e5da1b,F0207
F0204,uuid:e1f1f50b-3ce8-428a-8a71-8c131ee48569,F0207
F0204,uuid:e9095790-0589-4fa6-a427-2ddb85673d1d,F0207
F0204,uuid:34945ba1-74b8-47ab-b736-6efc4c037eaf,F0207
F0204,uuid:7cca8744-2f27-48e0-aa3f-38496569f40a,F0207
F0204,uuid:7c8a476d-070f-4acc-8fed-85958b249c7b,F0207
F0204,uuid:97a1b5ae-cf19-4613-886b-60c02c003da8,F0207
F0204,uuid:2471b3c5-74e9-4787-8c2b-17e0aeb77a3c,F0207
F0204,uuid:8444d4fc-35de-41e9-a05c-14025a8da331,F0207
F0204,uuid:44eeefe8-e652-40f1-902e-d4a5b1ab4884,F0207
F0204,uuid:2f4c6b0b-0886-4ecf-b729-5be2bfe2d50a,F0207
F0204,uuid:09083fab-dcd1-4a10-a783-4cb83b4a58b4,F0207
F0204,uuid:8e4b1c21-7e9e-480a-b32f-e5a406b0d1a2,F0207
F0204,uuid:eb23fedc-e45a-40f9-ae0e-705b7c13b58a,F0207
F0204,uuid:5720d70d-1cc6-47a3-8a10-1da8eed5ca4e,F0207
F0204,uuid:f16519c2-ff58-4a02-b23c-8b08dd987874,F0207
F0204,uuid:958ed8e8-25dd-4c77-9adf-1df7a2f8d6ed,F0207
F0204,uuid:cbe668ca-c3d6-44e2-b9b9-b5d863268a41,F0207
F0204,uuid:4a20b0b6-2066-4606-b5df-89b901cde00f,F0207
F0204,uuid:2949dc8a-22a8-4743-9fbd-fa37a253ca22,F0207
F0204,uuid:13ba8331-f95b-4b5f-b083-7a90afe08dc9,F0207
